问题类型,状态,概要,优先级,模块,缺陷严重程度,对用户的影响程度,描述,影响范围分析,责任人,测试责任人,缺陷产生者,到期日,使用的版本,修复的版本,Sprint
缺陷,缺陷编制中,【工作台-工序任务报工】 配置物料筛选后无法清除筛选条件,P2-紧急不重要(100),02-mom-mes,四级,中,"环境：测试环境：http://192.168.30.69:40000
问题描述：在工作台-工序任务报工页面配置查询条件后，物料筛选项选中具体物料后无法清除已选条件，页面缺少清除按钮，用户只能重新选择，无法恢复为空条件。
操作步骤：
1. 进入工作台-工序任务报工页面。
2. 在查询条件配置中启用物料筛选项。
3. 点击物料筛选控件并选择一条物料信息。
4. 返回查询区观察已选筛选条件的可操作项。
实际结果：物料筛选条件选中后无法清除，页面未提供清除按钮或清空入口。
期望结果：物料筛选条件选中后应支持一键清除或恢复为空条件，便于用户重新筛选。",影响工作台报工场景下筛选条件的灵活调整，可能导致用户无法快速恢复全量查询或重新组合筛选条件。,luzh,mayd,luzh,2026/05/29,KMMOM Cloud V3.5,KMMOM Cloud V3.5,276
缺陷,缺陷编制中,【工作台-工序任务报工】 时间查询控件未按范围选择方式展示,P2-紧急不重要(100),02-mom-mes,四级,中,"环境：测试环境：http://192.168.30.69:40000
问题描述：工作台-工序任务报工页面中的时间查询条件当前按单点日期时间控件展示，不符合查询场景的范围筛选需求，导致开始和结束时间的选择交互不合理。
操作步骤：
1. 进入工作台-工序任务报工页面。
2. 查看查询条件中的计划开始时间和计划结束时间控件。
3. 点击时间控件查看弹出的选择器样式与交互方式。
实际结果：时间查询控件为单个日期时间选择控件，不是范围选择控件。
期望结果：时间查询条件应提供范围选择能力，支持按开始时间和结束时间进行成组筛选。",影响工作台任务按时间范围筛选的易用性和准确性，增加用户筛选成本并可能造成查询理解偏差。,luzh,mayd,luzh,2026/05/29,KMMOM Cloud V3.5,KMMOM Cloud V3.5,276
缺陷,缺陷编制中,【工作台-工序任务报工】 查询条件顺序与服务端布局配置不一致,P2-紧急不重要(100),02-mom-mes,六级,中,"环境：测试环境：http://192.168.30.69:40000
问题描述：工作台-工序任务报工页面展示的筛选条件顺序与服务端布局配置中的实际顺序不一致，前端显示顺序未按配置结果渲染。
操作步骤：
1. 进入工作台-工序任务报工页面。
2. 查看页面顶部实际展示的筛选条件顺序。
3. 打开服务端布局配置，查看对应查询条件的配置顺序。
4. 对比前端展示顺序与服务端配置顺序。
实际结果：页面实际展示的查询条件顺序与服务端布局配置顺序不一致。
期望结果：工作台筛选条件应严格按照服务端布局配置的顺序进行展示。",影响工作台查询区的一致性和可配置性，降低布局配置生效的可预期性，并增加用户理解和使用成本。,luzh,mayd,luzh,2026/05/29,KMMOM Cloud V3.5,KMMOM Cloud V3.5,276
